City_ID,City,Country,Date,Lat,Lng,Max Temp,Humidity,Cloudiness,Wind Speed
0,Puerto Ayora,EC,2022-12-15 21:07:18,-0.7393,-90.3518,78.76,92,86,5.01
1,Obihiro,JP,2022-12-15 21:07:18,42.9172,143.2044,18.68,58,1,19.44
2,Santa Maria,BR,2022-12-15 21:07:18,-29.6842,-53.8069,89.37,23,100,7.27
3,Atuona,PF,2022-12-15 21:07:19,-9.8,-139.0333,78.1,74,5,18.57
4,Morehead,US,2022-12-15 21:07:19,37.2711,-87.1764,46.15,59,75,11.5
5,Coari,BR,2022-12-15 21:07:20,-4.085,-63.1414,82.89,71,100,2.75
6,Lakatoro,VU,2022-12-15 21:07:20,-16.0999,167.4164,80.6,70,6,7.54
7,Ushuaia,AR,2022-12-15 21:03:10,-54.8,-68.3,48.54,91,100,2.64
8,Busselton,AU,2022-12-15 21:07:21,-33.65,115.3333,55.8,84,0,13.47
9,Sudbury,CA,2022-12-15 21:07:14,46.49,-80.99,32.05,97,100,10.0
10,Trinidad,BO,2022-12-15 21:07:22,-14.8333,-64.9,82.38,74,75,11.5
11,Punta Arenas,CL,2022-12-15 21:07:23,-53.15,-70.9167,53.71,82,100,6.91
12,Salalah,OM,2022-12-15 21:07:23,17.0151,54.0924,78.89,38,0,13.8
13,Port Lincoln,AU,2022-12-15 21:07:24,-34.7333,135.8667,58.28,68,100,14.36
14,Cooma,AU,2022-12-15 21:07:24,-36.2333,149.1333,44.64,72,59,10.96
15,Ribeirao Branco,BR,2022-12-15 21:07:24,-24.2208,-48.7656,68.43,77,79,2.93
16,Birin,NP,2022-12-15 21:07:25,26.8865,88.0718,51.1,78,94,1.25
17,Cape Town,ZA,2022-12-15 21:05:02,-33.9258,18.4232,75.9,75,68,15.99
18,Necochea,AR,2022-12-15 21:07:26,-38.5473,-58.7368,65.03,51,6,15.17
19,Butaritari,KI,2022-12-15 21:07:26,3.0707,172.7902,81.12,75,49,7.78
20,Kendari,ID,2022-12-15 21:07:26,-3.945,122.4989,75.65,93,100,3.27
21,Dali,CN,2022-12-15 21:07:27,25.7,100.1833,41.4,87,2,3.78
22,Lavrentiya,RU,2022-12-15 21:07:27,65.5833,-171.0,-6.09,86,28,4.07
23,Brzeg Dolny,PL,2022-12-15 21:07:28,51.273,16.7082,23.41,89,90,5.88
24,Vostok,RU,2022-12-15 21:07:28,46.4856,135.8833,-15.47,98,100,4.81
25,Souillac,MU,2022-12-15 21:07:29,-20.5167,57.5167,75.74,74,73,11.18
26,Lebu,CL,2022-12-15 21:07:29,-37.6167,-73.65,61.86,72,25,24.76
27,Nikolskoye,RU,2022-12-15 21:07:30,59.7035,30.7861,17.49,97,100,2.53
28,Saint-Philippe,RE,2022-12-15 21:07:30,-21.3585,55.7679,76.59,85,80,12.08
29,Khuzdar,PK,2022-12-15 21:07:31,27.7384,66.6434,52.23,18,1,5.48
30,Sijunjung,ID,2022-12-15 21:07:31,-0.6876,100.9537,70.32,97,67,1.61
31,Sabha,LY,2022-12-15 21:07:32,27.0377,14.4283,67.66,32,0,7.72
32,Namibe,AO,2022-12-15 21:07:32,-15.1961,12.1522,70.12,78,99,6.04
33,Hermanus,ZA,2022-12-15 21:07:33,-34.4187,19.2345,71.8,88,90,13.2
34,Laguna,US,2022-12-15 21:07:33,38.421,-121.4238,56.32,64,0,6.91
35,Chihuahua,MX,2022-12-15 21:03:48,28.5,-106.0,54.43,9,0,7.4
36,Belaya Gora,RU,2022-12-15 21:07:34,68.5333,146.4167,-46.55,99,42,0.2
37,Carberry,CA,2022-12-15 21:07:34,49.8689,-99.3602,23.23,94,100,19.48
38,Torbay,CA,2022-12-15 21:07:35,47.6666,-52.7314,39.58,97,100,31.0
39,Hithadhoo,MV,2022-12-15 21:07:35,-0.6,73.0833,81.12,71,85,10.63
40,Rikitea,PF,2022-12-15 21:07:36,-23.1203,-134.9692,74.21,75,97,7.96
41,Suez,EG,2022-12-15 21:07:36,29.9737,32.5263,62.94,70,0,5.66
42,Hobart,AU,2022-12-15 21:07:07,-42.8794,147.3294,52.27,88,75,13.8
43,Surgut,RU,2022-12-15 21:05:47,61.25,73.4167,-1.91,70,0,15.66
44,Ambon,ID,2022-12-15 21:07:37,-3.6954,128.1814,77.23,16,40,6.91
45,Jamestown,US,2022-12-15 21:07:37,42.097,-79.2353,38.79,72,100,17.27
46,Zhangye,CN,2022-12-15 21:08:38,38.9342,100.4517,10.78,86,100,3.09
47,Vaini,TO,2022-12-15 21:08:38,-21.2,-175.2,80.76,65,20,10.36
48,Kokopo,PG,2022-12-15 21:08:39,-4.352,152.2633,77.9,82,19,3.31
49,Avarua,CK,2022-12-15 21:08:39,-21.2078,-159.775,78.85,89,75,19.57
50,Mataura,NZ,2022-12-15 21:08:40,-46.1927,168.8643,61.9,83,99,1.74
51,Albany,US,2022-12-15 21:08:40,42.6001,-73.9662,35.94,78,100,4.0
52,Faanui,PF,2022-12-15 21:08:41,-16.4833,-151.75,80.11,77,99,18.28
53,Gorin,RU,2022-12-15 21:08:41,51.1983,136.6669,-6.0,97,100,5.73
54,Bluff,NZ,2022-12-15 21:08:42,-46.6,168.3333,56.73,90,100,3.69
55,Qaanaaq,GL,2022-12-15 21:08:42,77.484,-69.3632,14.41,73,100,8.86
56,Dingle,PH,2022-12-15 21:08:43,10.9995,122.6711,76.03,93,100,7.11
57,Carnarvon,AU,2022-12-15 21:08:43,-24.8667,113.6333,71.42,79,0,19.57
58,Thompson,CA,2022-12-15 21:08:44,55.7435,-97.8558,20.59,93,100,7.45
59,Alihe,CN,2022-12-15 21:08:44,50.5667,123.7167,-24.32,95,10,3.85
60,Port Elizabeth,ZA,2022-12-15 21:08:44,-33.918,25.5701,72.32,96,100,2.3
61,Bambous Virieux,MU,2022-12-15 21:08:45,-20.3428,57.7575,76.21,73,73,12.57
62,Chalette-Sur-Loing,FR,2022-12-15 21:08:45,48.0134,2.7359,31.32,81,100,9.01
63,Kidal,ML,2022-12-15 21:08:46,18.4411,1.4078,73.63,16,0,7.65
64,Iraray,PH,2022-12-15 21:08:46,8.9936,118.0511,78.26,87,100,7.05
65,Adre,TD,2022-12-15 21:08:47,13.4667,22.2,67.33,18,37,11.34
66,Airai,TL,2022-12-15 21:08:47,-8.9266,125.4092,60.93,88,100,1.74
67,Victoria,HK,2022-12-15 21:08:48,22.2855,114.1577,62.26,93,100,8.99
68,Chifeng,CN,2022-12-15 21:08:48,42.2683,118.9636,1.94,50,10,6.11
69,Ayan,RU,2022-12-15 21:08:48,56.45,138.1667,-14.22,74,100,22.21
70,Yellowknife,CA,2022-12-15 21:08:49,62.456,-114.3525,-5.28,84,100,6.91
71,Moreira Sales,BR,2022-12-15 21:08:49,-24.0622,-53.0069,77.23,66,62,4.16
72,Soe,ID,2022-12-15 21:08:50,-9.8607,124.284,66.29,86,100,2.77
73,Tura,IN,2022-12-15 21:08:50,25.5198,90.2201,57.6,68,2,2.08
74,Bredasdorp,ZA,2022-12-15 21:08:51,-34.5322,20.0403,69.94,91,90,13.0
75,Balabac,PH,2022-12-15 21:08:51,7.9868,117.0645,80.08,84,100,13.02
76,Tomobe,JP,2022-12-15 21:08:52,36.35,140.3,39.02,55,9,4.34
77,Liverpool,GB,2022-12-15 21:08:52,53.4106,-2.9779,27.61,92,0,2.3
78,Shache,CN,2022-12-15 21:08:52,38.4167,77.2406,25.93,49,99,3.47
79,Arraial Do Cabo,BR,2022-12-15 21:08:53,-22.9661,-42.0278,76.86,65,20,16.11
80,Ahuimanu,US,2022-12-15 21:08:53,21.4447,-157.8378,81.19,61,20,6.91
81,Half Moon Bay,US,2022-12-15 21:08:54,37.4636,-122.4286,58.8,50,0,6.91
82,Soyo,AO,2022-12-15 21:08:54,-6.1349,12.3689,78.04,87,70,6.82
83,Clyde River,CA,2022-12-15 21:08:55,70.4692,-68.5914,7.03,78,0,39.12
84,La Ronge,CA,2022-12-15 21:08:55,55.1001,-105.2842,11.61,86,49,8.66
85,Pevek,RU,2022-12-15 21:08:56,69.7008,170.3133,-33.66,97,10,0.16
86,Norman Wells,CA,2022-12-15 21:08:56,65.282,-126.8329,-5.12,98,100,2.46
87,Lompoc,US,2022-12-15 21:08:57,34.6391,-120.4579,61.02,68,0,5.75
88,Nome,US,2022-12-15 21:07:57,64.5011,-165.4064,-7.53,92,0,4.61
89,Buraydah,SA,2022-12-15 21:08:57,26.326,43.975,64.15,45,2,10.45
90,Caxito,AO,2022-12-15 21:08:58,-8.5785,13.6643,75.61,87,92,1.39
91,San Patricio,US,2022-12-15 21:08:58,28.017,-97.5169,71.69,36,2,6.69
92,Kavieng,PG,2022-12-15 21:09:58,-2.5744,150.7967,81.05,77,98,2.89
93,Paka,MY,2022-12-15 21:09:59,4.6374,103.4368,73.38,89,100,3.85
94,Tynda,RU,2022-12-15 21:09:59,55.1667,124.7167,-35.07,95,29,4.74
95,Kharan,PK,2022-12-15 21:10:00,28.5833,65.4167,52.07,21,1,3.65
96,Devrek,TR,2022-12-15 21:10:00,41.2192,31.9558,55.54,92,100,3.51
97,Kaitangata,NZ,2022-12-15 21:10:01,-46.2817,169.8464,61.14,84,95,3.04
98,Upernavik,GL,2022-12-15 21:10:01,72.7868,-56.1549,24.08,87,100,30.29
99,Caborca,MX,2022-12-15 21:10:02,30.5838,-111.101,58.57,21,5,5.28
100,Maceio,BR,2022-12-15 21:10:02,-9.6658,-35.7353,80.04,78,0,10.36
101,Longyearbyen,SJ,2022-12-15 21:10:03,78.2186,15.6401,4.84,66,40,10.36
102,Megion,RU,2022-12-15 21:10:03,61.0296,76.1136,-4.99,82,90,11.39
103,Haines Junction,CA,2022-12-15 21:10:04,60.7522,-137.5108,25.75,91,100,3.62
104,Chuy,UY,2022-12-15 21:10:04,-33.6971,-53.4616,62.85,91,97,11.34
105,Prince Rupert,CA,2022-12-15 21:10:05,54.3161,-130.3201,40.05,79,100,3.62
106,Chase,CA,2022-12-15 21:10:05,50.8165,-119.6857,29.32,87,92,1.36
107,Zhigansk,RU,2022-12-15 21:10:06,66.7697,123.3711,-47.22,100,83,0.43
108,Khatanga,RU,2022-12-15 21:10:07,71.9667,102.5,-23.33,100,100,4.43
109,Dubovka,RU,2022-12-15 21:10:08,49.0583,44.829,25.75,96,100,6.13
110,Sitka,US,2022-12-15 21:10:08,57.0531,-135.33,42.69,87,100,6.91
111,Bonavista,CA,2022-12-15 21:10:09,48.6499,-53.1147,36.34,93,100,33.55
112,Sotnikovskoye,RU,2022-12-15 21:10:09,45.0039,43.7772,32.22,86,100,6.53
113,Fortuna,US,2022-12-15 21:10:10,40.5982,-124.1573,52.93,70,0,6.91
114,Ponta Do Sol,PT,2022-12-15 21:10:10,32.6667,-17.1,64.71,77,54,14.27
115,Saint George,US,2022-12-15 21:05:18,37.1041,-113.5841,48.43,40,0,4.61
116,Hilo,US,2022-12-15 21:05:16,19.7297,-155.09,79.61,74,20,10.36
117,Arona,ES,2022-12-15 21:10:11,28.0996,-16.681,63.12,76,75,3.44
118,Barrow,US,2022-12-15 21:10:12,71.2906,-156.7887,10.42,72,100,9.22
119,Vohibinany,MG,2022-12-15 21:10:12,-17.35,49.0333,71.49,98,71,1.81
120,Kodiak,US,2022-12-15 21:10:13,57.79,-152.4072,36.91,93,100,5.75
121,Hirado,JP,2022-12-15 21:10:13,33.3597,129.5531,41.4,60,100,10.0
122,Linjiang,CN,2022-12-15 21:10:14,41.8069,126.9078,-3.57,89,4,1.79
123,Mayo,US,2022-12-15 21:10:14,38.8876,-76.5119,46.96,94,100,13.8
124,Kapaa,US,2022-12-15 21:10:15,22.0752,-159.319,80.92,68,0,6.91
125,Georgetown,MY,2022-12-15 21:07:17,5.4112,100.3354,82.24,81,20,0.0
126,The Pas,CA,2022-12-15 21:10:15,53.8251,-101.2541,19.42,86,100,11.5
127,Sao Filipe,CV,2022-12-15 21:10:16,14.8961,-24.4956,78.82,63,0,10.31
128,Menongue,AO,2022-12-15 21:10:16,-14.6585,17.691,63.99,92,85,3.91
129,Bengkulu,ID,2022-12-15 21:10:17,-3.8004,102.2655,75.02,89,80,6.55
130,Burnie,AU,2022-12-15 21:10:17,-41.0667,145.9167,57.94,54,0,1.34
131,Ancud,CL,2022-12-15 21:10:18,-41.8697,-73.8203,60.15,61,100,6.33
132,Bethel,US,2022-12-15 21:10:18,41.3712,-73.414,39.02,80,100,5.75
133,La Palma,US,2022-12-15 21:10:19,33.8464,-118.0467,66.51,47,75,5.75
134,Palu,ID,2022-12-15 21:10:19,-0.8917,119.8707,73.9,96,87,2.42
135,Sosnovka,RU,2022-12-15 21:10:20,56.255,51.2842,-3.42,100,100,2.86
136,Port Alfred,ZA,2022-12-15 21:10:20,-33.5906,26.891,69.19,96,9,3.27
137,Baffa,PK,2022-12-15 21:10:21,34.4378,73.2194,54.77,21,100,5.28
138,Quatre Cocos,MU,2022-12-15 21:11:21,-20.2078,57.7625,76.08,72,76,12.15
139,Atasu,KZ,2022-12-15 21:11:22,48.6814,71.6433,2.68,76,0,8.32
140,Tasiilaq,GL,2022-12-15 21:11:22,65.6145,-37.6368,19.56,62,90,5.06
141,Asau,RO,2022-12-15 21:11:23,46.4333,26.4,29.32,93,33,3.06
142,Saskylakh,RU,2022-12-15 21:11:23,71.9167,114.0833,-30.69,100,99,1.74
143,San Cristobal,VE,2022-12-15 21:11:23,7.7669,-72.225,77.18,60,15,5.37
144,Komsomolskiy,UZ,2022-12-15 21:11:24,40.4272,71.7189,30.92,86,9,4.61
145,Masallatah,LY,2022-12-15 21:11:24,32.6167,14.0,69.24,41,27,14.79
146,Severo-Kurilsk,RU,2022-12-15 21:11:25,50.6789,156.125,24.73,75,81,12.59
147,Xining,CN,2022-12-15 21:11:25,36.6167,101.7667,12.24,72,100,6.15
148,Ahipara,NZ,2022-12-15 21:08:32,-35.1667,173.1667,69.87,81,100,3.83
149,Zeya,RU,2022-12-15 21:11:26,53.75,127.2667,-22.94,89,90,5.88
150,Matara,LK,2022-12-15 21:11:26,5.9485,80.5353,74.41,89,100,1.41
151,Dikson,RU,2022-12-15 21:11:27,73.5069,80.5464,4.33,90,100,23.44
152,Erenhot,CN,2022-12-15 21:11:27,43.6475,111.9767,2.28,59,100,11.54
153,Los Llanos De Aridane,ES,2022-12-15 21:11:29,28.6585,-17.9182,62.35,80,75,5.75
154,Bria,CF,2022-12-15 21:11:29,6.5423,21.9863,74.79,26,16,5.41
155,Antalaha,MG,2022-12-15 21:11:30,-14.9003,50.2788,73.31,91,27,4.76
156,Bathsheba,BB,2022-12-15 21:11:30,13.2167,-59.5167,83.01,88,40,16.11
157,Santa Vitoria Do Palmar,BR,2022-12-15 21:11:31,-33.5189,-53.3681,63.01,93,91,11.18
158,Gort,IE,2022-12-15 21:11:31,53.0664,-8.8167,28.15,94,24,0.49
159,New Norfolk,AU,2022-12-15 21:11:32,-42.7826,147.0587,51.93,71,95,1.99
160,Klyuchi,RU,2022-12-15 21:11:32,52.2667,79.1667,-13.79,92,11,7.38
161,Eaglesham,GB,2022-12-15 21:11:33,55.7412,-4.2746,26.55,90,20,2.3
162,Dabrowa Tarnowska,PL,2022-12-15 21:11:33,50.1746,20.9863,28.89,95,100,6.58
163,Gibara,CU,2022-12-15 21:11:34,21.1097,-76.1317,88.92,51,8,12.12
164,Kahului,US,2022-12-15 21:11:34,20.8947,-156.47,80.62,62,0,6.91
165,Biala Podlaska,PL,2022-12-15 21:11:35,52.0324,23.1165,23.81,91,100,1.74
166,Miri,MY,2022-12-15 21:11:35,4.4148,114.0089,75.16,96,100,4.21
167,Gorzow Wielkopolski,PL,2022-12-15 21:11:36,52.7368,15.2288,18.84,76,2,1.99
168,Moindou,NC,2022-12-15 21:11:36,-21.6924,165.677,80.1,71,57,2.75
169,Mar Del Plata,AR,2022-12-15 21:11:37,-38.0023,-57.5575,66.83,68,0,18.41
170,Ribeira Grande,PT,2022-12-15 21:11:37,38.5167,-28.7,61.2,72,75,15.01
171,Grand Gaube,MU,2022-12-15 21:11:37,-20.0064,57.6608,76.37,74,76,5.99
172,Donskoye,RU,2022-12-15 21:11:38,45.4552,41.9741,37.53,82,100,16.4
173,Monforte De Lemos,ES,2022-12-15 21:11:38,42.5216,-7.5142,49.57,93,74,2.39
174,Mogadouro,PT,2022-12-15 21:11:39,41.3403,-6.7119,46.26,93,63,3.6
175,Lulea,SE,2022-12-15 21:11:39,65.5842,22.1547,3.27,92,0,1.14
176,Burgos,ES,2022-12-15 21:09:51,42.3394,-3.7079,43.21,93,75,10.36
177,Whitley Bay,GB,2022-12-15 21:11:40,55.0397,-1.4471,31.91,88,0,3.44
178,Zalantun,CN,2022-12-15 21:11:40,48.0,122.7167,-9.71,74,8,7.18
179,Castro,BR,2022-12-15 21:11:41,-24.7911,-50.0119,70.63,70,3,4.76
180,Mogzon,RU,2022-12-15 21:11:41,51.7435,111.9606,-11.11,86,67,8.86
181,Sobolevo,RU,2022-12-15 21:11:42,54.4299,31.8996,25.32,92,100,11.99
182,Fayaoue,NC,2022-12-15 21:11:42,-20.65,166.5333,79.68,69,18,10.69
183,Renukut,IN,2022-12-15 21:11:42,24.2,83.0333,53.35,51,5,2.59
184,Rio Grande,BR,2022-12-15 21:11:43,-32.035,-52.0986,78.91,70,100,18.23
185,Catamarca,AR,2022-12-15 21:12:43,-28.4696,-65.7852,93.06,23,21,1.01
186,Montegrotto Terme,IT,2022-12-15 21:12:44,45.3315,11.7912,44.76,96,100,4.0
187,Ormara,PK,2022-12-15 21:12:44,25.2088,64.6357,74.39,44,0,4.85
188,Vila Velha,BR,2022-12-15 21:12:45,-20.3297,-40.2925,75.15,74,75,6.91
189,Hamada,JP,2022-12-15 21:12:45,34.8833,132.0833,46.65,73,100,12.71
190,Bilma,NE,2022-12-15 21:12:45,18.6853,12.9164,71.4,17,7,7.29
191,Luzhou,CN,2022-12-15 21:12:46,28.8724,105.4405,49.68,79,100,3.56
192,Margate,GB,2022-12-15 21:12:46,51.3813,1.3862,37.69,88,14,4.0
193,Sabla,NG,2022-12-15 21:12:47,12.7525,4.7077,75.0,15,99,8.99
194,Katsuura,JP,2022-12-15 21:12:48,35.1333,140.3,46.83,57,27,8.81
195,Oranjemund,,2022-12-15 21:12:48,-28.55,16.4333,68.79,88,0,8.59
196,Shimanovsk,RU,2022-12-15 21:12:48,52.0,127.7,-14.57,87,90,8.88
197,Najran,SA,2022-12-15 21:12:49,17.4924,44.1277,58.44,44,2,0.81
198,Gorontalo,ID,2022-12-15 21:12:50,0.5412,123.0595,74.05,96,100,3.69
199,Perth,AU,2022-12-15 21:10:41,-31.9333,115.8333,62.35,69,0,16.11
200,Walvis Bay,,2022-12-15 21:12:50,-22.9575,14.5053,66.09,89,2,1.36
201,Basco,PH,2022-12-15 21:12:51,20.4487,121.9702,79.43,79,50,20.42
202,Raudeberg,NO,2022-12-15 21:12:51,61.9875,5.1352,29.86,33,100,4.23
203,Manacapuru,BR,2022-12-15 21:12:52,-3.2997,-60.6206,87.26,58,100,3.51
204,San Andres,CO,2022-12-15 21:12:52,12.5847,-81.7006,84.22,74,40,14.97
205,Yarada,IN,2022-12-15 21:12:53,17.65,83.2667,75.78,76,38,2.98
206,Juegang,CN,2022-12-15 21:12:53,32.3174,121.1855,46.98,69,99,9.37
207,Loreto,MX,2022-12-15 21:12:53,22.2667,-101.9667,71.91,11,7,13.44
208,Xiazhen,CN,2022-12-15 21:12:54,34.8022,117.1117,28.9,60,100,6.53
209,Obidos,BR,2022-12-15 21:12:54,-1.9175,-55.5181,86.49,52,100,1.14
210,Oriximina,BR,2022-12-15 21:12:55,-1.7656,-55.8661,86.77,51,99,3.78
211,Roald,NO,2022-12-15 21:12:55,62.5833,6.1333,34.75,86,20,8.05
212,Varberg,SE,2022-12-15 21:12:56,57.1056,12.2508,22.17,80,28,2.95
213,Japura,ID,2022-12-15 21:12:56,-0.3167,102.35,73.67,99,100,0.43
214,Provideniya,RU,2022-12-15 21:12:57,64.3833,-173.3,10.51,79,100,11.18
215,Northam,GB,2022-12-15 21:12:57,51.0333,-4.2167,25.25,80,1,4.7
216,Fairbanks,US,2022-12-15 21:12:58,64.8378,-147.7164,8.56,79,100,14.97
217,La Asuncion,VE,2022-12-15 21:12:58,11.0333,-63.8628,79.25,80,7,17.49
218,Lodja,CD,2022-12-15 21:12:59,-3.4833,23.4333,70.9,84,92,0.85
219,Oussouye,SN,2022-12-15 21:12:59,12.485,-16.5469,74.73,61,18,5.77
220,Nanortalik,GL,2022-12-15 21:12:59,60.1432,-45.2371,20.98,80,65,4.85
221,Xian,CN,2022-12-15 21:08:42,34.2583,108.9286,37.04,37,100,3.04
222,Yar-Sale,RU,2022-12-15 21:13:00,66.8333,70.8333,12.25,89,100,18.52
223,Morondava,MG,2022-12-15 21:13:01,-20.2833,44.2833,79.65,79,9,6.04
224,Astana,KZ,2022-12-15 21:13:01,51.1801,71.446,-4.05,71,0,8.95
225,Palmer,US,2022-12-15 21:08:51,42.1584,-72.3287,39.51,77,100,5.75
226,Fergus Falls,US,2022-12-15 21:11:06,46.283,-96.0776,29.16,95,100,13.8
227,Klaksvik,FO,2022-12-15 21:13:02,62.2266,-6.589,27.52,54,100,10.65
228,Sao Miguel Do Araguaia,BR,2022-12-15 21:14:02,-13.275,-50.1628,76.08,83,99,1.54
229,Ilulissat,GL,2022-12-15 21:14:03,69.2167,-51.1,28.42,93,75,14.97
230,Ca Mau,VN,2022-12-15 21:14:03,9.1769,105.15,73.13,89,57,2.68
231,Narsaq,GL,2022-12-15 21:14:04,60.9167,-46.05,14.22,72,87,6.8
232,East London,ZA,2022-12-15 21:14:04,-33.0153,27.9116,68.99,87,7,3.49
233,Tuktoyaktuk,CA,2022-12-15 21:14:05,69.4541,-133.0374,-10.01,97,17,7.38
234,Sao Felix Do Xingu,BR,2022-12-15 21:14:05,-6.6447,-51.995,80.76,73,81,2.89
235,Jiuquan,CN,2022-12-15 21:14:06,39.7432,98.5174,9.79,87,100,2.91
236,Arlit,NE,2022-12-15 21:14:06,18.7369,7.3853,74.44,15,69,9.89
237,Vrangel,RU,2022-12-15 21:14:07,42.7297,133.0839,7.27,59,1,19.22
238,San Quintin,MX,2022-12-15 21:14:08,30.4833,-115.95,60.64,46,95,5.5
239,Muisne,EC,2022-12-15 21:14:08,0.6,-80.0333,76.48,78,76,9.15
240,Meulaboh,ID,2022-12-15 21:14:09,4.1363,96.1285,76.44,90,100,6.11
241,Caravelas,BR,2022-12-15 21:14:09,-17.7125,-39.2481,67.98,97,100,4.83
242,Kruisfontein,ZA,2022-12-15 21:14:09,-34.0033,24.7314,66.79,90,20,0.36
243,Karpathos,GR,2022-12-15 21:14:10,35.507,27.2132,66.16,94,15,10.36
244,Bafra,TR,2022-12-15 21:14:10,41.5678,35.9069,58.82,89,97,3.49
245,Saint-Augustin,CA,2022-12-15 21:14:11,51.226,-58.6502,30.6,74,81,17.11
246,Vila Franca Do Campo,PT,2022-12-15 21:14:11,37.7167,-25.4333,58.19,70,100,2.98
247,Grindavik,IS,2022-12-15 21:14:12,63.8424,-22.4338,21.67,63,20,25.32
248,Cockburn Town,TC,2022-12-15 21:14:12,21.4612,-71.1419,77.97,66,0,14.45
249,Puerto Del Rosario,ES,2022-12-15 21:14:13,28.5004,-13.8627,65.95,68,20,8.05
250,Ixtapa,MX,2022-12-15 21:14:13,20.7,-105.2,77.23,61,0,9.22
251,Srednekolymsk,RU,2022-12-15 21:14:14,67.45,153.6833,-39.78,100,97,8.28
252,Eyl,SO,2022-12-15 21:14:14,7.9803,49.8164,75.33,78,2,14.83
253,Hasaki,JP,2022-12-15 21:14:15,35.7333,140.8333,30.6,41,5,4.41
254,Ballina,AU,2022-12-15 21:14:15,-28.8667,153.5667,66.02,83,100,3.09
255,Aleksinac,RS,2022-12-15 21:14:16,43.5417,21.7078,43.09,99,100,6.87
256,Port Hardy,CA,2022-12-15 21:14:16,50.6996,-127.4199,39.97,84,100,4.09
257,Skjold,DK,2022-12-15 21:14:17,55.7971,9.9397,19.85,86,12,5.41
258,Saldanha,ZA,2022-12-15 21:14:17,-33.0117,17.9442,70.11,82,47,4.41
259,Hobbs,US,2022-12-15 21:14:18,32.7026,-103.136,53.06,21,0,8.05
260,Abha,SA,2022-12-15 21:14:18,18.2164,42.5053,53.85,76,0,0.0
261,Constitucion,CL,2022-12-15 21:14:19,-35.3333,-72.4167,71.62,55,5,20.31
262,Shimoda,JP,2022-12-15 21:14:19,34.6667,138.95,41.11,71,1,23.06
263,Codrington,AU,2022-12-15 21:14:20,-38.2667,141.9667,55.26,76,100,13.31
264,Tutoia,BR,2022-12-15 21:11:15,-2.7619,-42.2744,80.28,79,100,12.75
265,Suluq,LY,2022-12-15 21:14:20,31.6682,20.2521,66.76,60,7,6.2
266,Okhotsk,RU,2022-12-15 21:14:21,59.3833,143.3,-0.22,66,100,28.97
267,Lorengau,PG,2022-12-15 21:14:21,-2.0226,147.2712,77.99,88,100,3.67
268,Lamu,KE,2022-12-15 21:14:22,-2.2717,40.902,80.82,82,3,8.93
269,Mae Hong Son,TH,2022-12-15 21:14:22,19.3003,97.9685,65.61,94,99,1.72
270,Cherskiy,RU,2022-12-15 21:15:23,68.75,161.3,-44.75,100,61,1.34
271,Nishihara,JP,2022-12-15 21:15:24,26.1842,127.7558,67.28,84,75,12.66
272,Gazojak,TM,2022-12-15 21:11:37,41.1875,61.4036,38.84,61,100,8.16
273,Dhone,IN,2022-12-15 21:15:24,15.4167,77.8833,68.85,67,8,5.55
274,Te Anau,NZ,2022-12-15 21:15:25,-45.4167,167.7167,63.27,82,72,0.56
275,Orlik,RU,2022-12-15 21:15:25,52.5178,99.825,-23.33,93,53,3.4
276,Weligama,LK,2022-12-15 21:15:26,5.9667,80.4167,74.97,87,99,1.59
277,Loukhi,RU,2022-12-15 21:15:26,66.0764,33.0381,13.08,89,98,12.17
278,Akcakoca,TR,2022-12-15 21:15:27,41.0866,31.1162,55.49,90,100,2.15
279,Tiksi,RU,2022-12-15 21:15:27,71.6872,128.8694,-27.92,100,97,2.59
280,Anshun,CN,2022-12-15 21:15:27,26.25,105.9333,38.73,84,100,9.1
281,Portland,US,2022-12-15 21:12:57,45.5234,-122.6762,48.61,72,40,8.99
282,Arshan,RU,2022-12-15 21:15:28,46.2732,44.22,30.58,100,100,11.18
283,Palencia,ES,2022-12-15 21:15:28,42.4167,-4.5,44.92,91,97,11.41
284,Virginia Beach,US,2022-12-15 21:15:10,36.8529,-75.978,59.04,87,100,24.16
285,Adrar,MR,2022-12-15 21:15:29,20.5022,-10.0711,75.85,23,0,7.92
286,Igrim,RU,2022-12-15 21:15:30,63.1906,64.4162,12.34,94,100,9.26
287,Bolkhov,RU,2022-12-15 21:15:30,53.4433,36.0044,25.32,95,100,16.6
288,Flin Flon,CA,2022-12-15 21:15:30,54.7682,-101.865,13.84,79,100,11.5
289,Samarai,PG,2022-12-15 21:15:31,-10.6167,150.6667,81.45,80,84,7.25
290,Pandan,PH,2022-12-15 21:15:31,14.0453,124.1694,79.5,88,86,12.59
291,Bubaque,GW,2022-12-15 21:15:32,11.2833,-15.8333,82.29,61,0,11.77
292,Ketchikan,US,2022-12-15 21:15:32,55.3422,-131.6461,39.18,93,100,0.0
293,Lata,PT,2022-12-15 21:15:33,40.1629,-8.3327,57.81,94,31,5.48
294,Luderitz,,2022-12-15 21:15:33,-26.6481,15.1594,67.05,90,5,1.72
295,Labuhan,ID,2022-12-15 21:15:34,-6.8844,112.2051,78.26,85,100,7.18
296,Manzil Salim,TN,2022-12-15 21:15:34,35.8567,8.4765,58.96,48,0,6.69
297,Huesca,ES,2022-12-15 21:15:35,42.1362,-0.4087,48.06,95,20,6.91
298,Slavyanka,RU,2022-12-15 21:15:35,42.8633,131.3847,7.65,51,0,13.87
299,Banda Aceh,ID,2022-12-15 21:15:36,5.5577,95.3222,76.98,86,99,3.85
300,Lake Charles,US,2022-12-15 21:12:01,30.2131,-93.2044,62.6,37,0,8.05
301,Nurota,UZ,2022-12-15 21:15:37,40.5614,65.6886,42.37,54,5,2.59
302,Paamiut,GL,2022-12-15 21:15:37,61.994,-49.6678,23.4,66,100,5.39
303,Pangnirtung,CA,2022-12-15 21:15:38,66.1451,-65.7125,23.0,86,100,16.11
304,Papara,BR,2022-12-15 21:15:39,-3.9839,-38.7273,81.0,64,100,6.4
305,Ranir Bazar,IN,2022-12-15 21:15:39,23.8333,91.3667,58.46,65,3,1.61
306,Gornopravdinsk,RU,2022-12-15 21:15:40,60.05,69.9,1.83,85,14,10.25
307,Purranque,CL,2022-12-15 21:15:40,-40.9167,-73.1667,69.13,31,96,8.05
308,Iqaluit,CA,2022-12-15 21:15:41,63.7506,-68.5145,17.33,86,75,0.0
309,Oxford,GB,2022-12-15 21:14:25,51.7522,-1.256,32.16,92,0,12.66
310,Chadiza,ZM,2022-12-15 21:15:42,-14.0678,32.4392,65.61,90,100,2.28
311,Acapulco,MX,2022-12-15 21:12:32,16.8634,-99.8901,82.22,69,0,5.75
312,Puerto Varas,CL,2022-12-15 21:15:43,-41.3195,-72.9854,62.82,59,0,12.66
313,Mount Darwin,ZW,2022-12-15 21:16:43,-16.7725,31.5838,71.37,71,67,2.42
314,Filadelfia,US,2022-12-15 21:15:34,39.9523,-75.1638,46.15,94,100,11.5
315,Pathein,MM,2022-12-15 21:16:44,16.7833,94.7333,71.28,87,100,3.78
316,Cap-Aux-Meules,CA,2022-12-15 21:16:44,47.3821,-61.8597,35.65,75,75,29.93
317,Domna,RU,2022-12-15 21:16:45,51.8971,113.1573,-8.97,63,43,6.71
318,Saint Marys,US,2022-12-15 21:16:45,30.7305,-81.5465,76.05,79,100,11.5
319,Vokhma,RU,2022-12-15 21:16:46,58.9303,46.7586,5.67,99,94,4.94
320,Ust-Karsk,RU,2022-12-15 21:16:46,52.7011,118.8077,-30.08,100,95,1.79
321,Liaozhong,CN,2022-12-15 21:16:46,41.5061,122.7242,9.99,38,1,5.12
322,Acajutla,SV,2022-12-15 21:16:47,13.5928,-89.8275,83.03,62,0,7.56
323,Ape,LV,2022-12-15 21:16:47,57.5393,26.6929,7.72,100,98,3.24
324,Marzuq,YE,2022-12-15 21:16:48,14.4,46.4667,59.36,37,44,3.0
325,Tobol,KZ,2022-12-15 21:16:48,52.6844,62.5794,-4.67,95,46,2.93
326,Tuatapere,NZ,2022-12-15 21:16:49,-46.1333,167.6833,62.82,82,62,1.72
327,Atar,MR,2022-12-15 21:16:49,20.5169,-13.0499,76.95,30,0,7.58
328,Rubik,AL,2022-12-15 21:16:50,41.7744,19.7861,56.34,89,93,3.8
329,Udachnyy,RU,2022-12-15 21:16:50,66.4167,112.4,-15.56,82,95,6.38
330,Yakeshi,CN,2022-12-15 21:16:50,49.2833,120.7333,-36.74,100,50,2.86
331,Alta Floresta,BR,2022-12-15 21:16:51,-9.8756,-56.0861,74.01,95,98,2.98
332,Anadyr,RU,2022-12-15 21:16:51,64.75,177.4833,16.3,85,40,31.32
333,Mabaruma,GY,2022-12-15 21:16:52,8.2,-59.7833,78.78,77,83,5.46
334,Aklavik,CA,2022-12-15 21:16:52,68.2191,-135.0107,-9.76,91,9,8.99
335,Kalaleh,IR,2022-12-15 21:16:53,37.3807,55.4916,51.4,87,100,0.0
336,Verkhniye Kigi,RU,2022-12-15 21:16:53,55.4083,58.6044,2.55,99,64,2.57
337,Hamilton,US,2022-12-15 21:13:33,39.1834,-84.5333,46.6,69,40,12.66
338,Qasigiannguit,GL,2022-12-15 21:16:54,68.8193,-51.1922,28.65,96,100,6.71
339,Rajmahal,IN,2022-12-15 21:16:54,25.05,87.8333,56.64,37,4,6.98
340,Bara,NG,2022-12-15 21:16:55,10.3744,10.7288,75.04,20,71,7.36
341,Ust-Nera,RU,2022-12-15 21:16:55,64.5667,143.2,-40.36,100,83,2.84
342,Marawi,PH,2022-12-15 21:16:56,7.9986,124.2928,67.86,89,100,1.77
343,Silver City,US,2022-12-15 21:16:56,32.7701,-108.2803,47.62,41,0,20.71
344,Cukai,MY,2022-12-15 21:16:57,4.25,103.4167,78.01,91,100,5.26
345,Taltal,CL,2022-12-15 21:16:57,-25.4,-70.4833,69.8,72,43,5.84
346,Beverley,GB,2022-12-15 21:16:57,53.8459,-0.4233,34.05,48,69,5.75
347,Mujiayingzi,CN,2022-12-15 21:16:58,42.1167,118.7833,0.48,54,29,6.22
348,Valley,US,2022-12-15 21:16:58,45.1277,-116.1262,20.75,67,74,4.56
349,Satun,TH,2022-12-15 21:16:59,6.8333,100.0,77.0,89,92,6.06
350,Sistranda,NO,2022-12-15 21:16:20,63.7256,8.834,30.16,70,100,13.65
351,Almaznyy,RU,2022-12-15 21:17:00,48.0448,40.045,30.96,88,100,13.47
352,Arawa,PG,2022-12-15 21:17:00,-6.2132,155.5367,80.4,82,64,1.79
353,Chirilagua,SV,2022-12-15 21:17:00,13.2203,-88.1386,91.09,47,0,4.61
354,Broome,US,2022-12-15 21:17:01,42.2506,-75.833,34.7,82,100,18.41
355,Viisoara,RO,2022-12-15 21:17:01,46.55,23.9167,37.0,93,49,1.57
356,Jumla,NP,2022-12-15 21:15:05,29.2747,82.1838,39.13,18,0,5.5
357,Brae,GB,2022-12-15 21:17:03,60.3964,-1.353,37.74,61,100,12.3
358,Alyangula,AU,2022-12-15 21:17:03,-13.8483,136.4192,83.32,74,100,9.42
359,Bilsanda,IN,2022-12-15 21:17:04,28.25,79.95,52.77,42,0,4.63
360,Bonanza,NI,2022-12-15 21:17:04,14.0289,-84.591,84.2,55,26,5.39
